,Name,Smiles,MolWt,TPSA,MolLogP,HeavyAtomCount,FractionCSP3,NumHAcceptors,NumHDonors,NumAromaticRings
0,Elzovantinib,CCN1Cc2c(ccc(F)c2C#N)OC(C)CNC(=O)c2c(N)nn3ccc1nc23,409.16625110000007,121.57000000000001,1.8594799999999998,30,0.3,8,2,3
1,Ansornitinib,COC(=O)c1ccc2c(n1)NC(=O)C2=C(Nc1ccc(N(C)C(=O)CN2CCN(C)CC2)cc1)c1ccccc1,540.248503504,107.10999999999999,3.0109000000000012,40,0.26666666666666666,8,2,3
2,Inixaciclib,CC(C)N1CCOc2c(F)cc(-c3nc(Nc4ccc(C5CCN(C)CC5)cn4)ncc3F)cc21,480.24491602000006,66.41,4.976800000000004,35,0.4230769230769231,7,1,3
3,Anizatrectinib,COCCN1CC(NC(=O)Nc2c(C)c(-c3cnc(C)nc3)nn2-c2ccccc2)C(c2cccc(F)c2)C1,529.2601514840001,97.2,4.321140000000003,39,0.3103448275862069,7,2,4
4,Paltimatrectinib,CC1(O)CC(N)(c2ccc(-c3nc4n(c3-c3ccccc3)COc3ccncc3-4)cc2)C1,424.189926008,86.19,4.327800000000003,32,0.23076923076923078,6,2,4
5,Zurletrectinib,CC1CNC(=O)Nc2cnn3ccc(nc23)N2CC(F)CC2c2cc(F)cnc2O1,415.156829288,96.68,2.4553000000000003,30,0.3684210526315789,7,2,3
6,Denfivontinib,CN1CCC(Nc2nc(Nc3ccc(Oc4ccccc4)cc3)c3c(=O)[nH]cc(Br)c3n2)CC1,520.12223614,95.17,5.122600000000004,34,0.24,7,3,4
7,Dalmelitinib,CN1C(=O)COc2c1cnc1ccc(Sc3nnc4c(F)cc(-c5cnn(C)c5)cn34)cc21,461.10702197200004,90.44,3.323500000000002,33,0.13636363636363635,9,0,5
8,Culmerciclib,CC(C)c1c2cc(-c3nc(Nc4ccc(N5CCNCC5)cn4)ncc3F)ccc2nn1C,446.2342710840001,83.78999999999999,3.841000000000002,33,0.3333333333333333,8,2,4
9,Atinvicitinib,COc1cc(Nc2nn(C3COCCC3C#N)cc2C(N)=O)cc(F)n1,360.13461662400005,128.07999999999998,1.3694799999999996,26,0.375,8,2,2
10,Eciruciclib,CCN1CCN(Cc2ccc(Nc3ncc(F)c(-c4ccc5nn(C)c(C(C)C)c5c4)n3)nc2)CC1,488.2812212760001,75.0,4.568900000000004,36,0.4074074074074074,8,1,4
11,Crozbaciclib,CC1=Nc2c(F)cc(-c3nc(Nc4ccc(C5CCN(C)CC5)cn4)ncc3F)cc2C12CCCC2,488.25000140000003,66.30000000000001,6.287400000000005,36,0.42857142857142855,6,1,3
12,Gilmelisib,COc1ncc(-c2ccc3ncc(OCCN(C)C)c(=O)n3c2)cc1NS(=O)(=O)c1ccc(F)cc1Cl,547.109245736,115.13,3.2988000000000017,37,0.20833333333333334,9,1,4
13,Enbezotinib,CC1CNC(=O)c2cnn3cc4c(nc23)N(Cc2cc(F)cnc2O1)C1CCCC1O4,424.165916752,93.88000000000002,2.0942,31,0.42857142857142855,8,1,3
14,Tanuxiciclib,Cc1cc(-c2nc(-c3ccnc(N)c3F)ccc2O)nc(N)n1,312.1134872560001,123.83,1.9181199999999994,23,0.06666666666666667,7,3,3
15,Asnuciclib,CNc1nc(C)c(-c2nc(Nc3cccc(S(N)(=O)=O)c3)ncc2F)s1,394.06819393999996,122.89,2.4803200000000007,26,0.13333333333333333,8,3,3
16,Edecesertib,CC(C#N)Nc1cc(-c2ccc3cc(C#N)cnn23)ncc1C(=O)NCC(F)C(C)(C)O,435.18190116399995,139.13,2.4307600000000007,32,0.3181818181818182,8,3,3
17,Oclacitinib,CNS(=O)(=O)CC1CCC(N(C)c2ncnc3[nH]ccc23)CC1,337.157245976,90.97999999999999,1.5020999999999995,23,0.6,5,2,2
18,Toceranib,Cc1[nH]c(C=C2C(=O)Nc3ccc(F)cc32)c(C)c1C(=O)NCCN1CCCC1,396.19615426,77.23,3.088940000000001,29,0.36363636363636365,3,3,2
19,Dezapelisib,Cc1csc2nc(C(C)Nc3ncnc4[nH]cnc34)c(-c3cccc(F)c3)c(=O)n12,421.11210735200007,100.86000000000001,3.709920000000001,30,0.15,8,2,5
20,Ilunocitinib,N#CCC1(n2cc(-c3ncnc4[nH]ccc34)cn2)CN(S(=O)(=O)C2CC2)C1,383.11644378400007,120.56,1.2381799999999994,27,0.4117647058823529,7,1,3
21,Lorpucitinib,CC(C)(O)CNC(=O)Cc1nc2c[nH]c3nccc-3c2n1C1CCC(CC#N)CC1,408.22737413600004,119.61999999999998,2.9387800000000004,30,0.5454545454545454,6,3,1
22,Agerafenib,COc1cc2ncnc(Oc3cccc(NC(=O)Nc4cc(C(C)(C)C(F)(F)F)on4)c3)c2cc1OC,517.157303464,120.63000000000001,5.911200000000004,37,0.25,8,2,4
23,Utatrectinib,CC(C)Oc1cc(-n2cnc3ccc(NC(C)c4ncc(F)cn4)nc32)n[nH]1,382.16658544800003,106.43,3.0330000000000013,28,0.2777777777777778,8,2,4
24,Cenisertib,Cc1cc(Nc2ncc(F)c(NC3C4C=CC(C4)C3C(N)=O)n2)ccc1N1CCN(C)CC1,451.24958680000003,99.41,2.5074199999999998,33,0.4583333333333333,7,3,2
25,Tuxobertinib,C=CC(=O)Nc1cc2c(Nc3ccc(OCc4ccccn4)c(Cl)c3)ncnc2cc1OCCN1CCOCC1,560.193881088,110.73,4.836300000000004,40,0.2413793103448276,9,2,4
26,Luxeptinib,Cc1c[nH]c(-c2ccc(-c3ccc(NC(=O)Nc4c(F)cc(F)cc4F)cc3F)c3c2C(=O)NC3)n1,495.13183766400005,98.91000000000001,5.495920000000002,36,0.08,3,4,4
27,Recilisib,O=C(O)c1ccc(C=CS(=O)(=O)Cc2ccc(Cl)cc2)cc1,336.022307576,71.44,3.6239000000000017,22,0.0625,3,1,2
28,Vecabrutinib,NC(=O)C1CCN(c2ncnc(N)c2F)CC1N1CCCC(Nc2cc(Cl)cc(C(F)(F)F)c2)C1=O,529.1616135680001,130.47,2.6533999999999995,36,0.45454545454545453,7,3,2
29,Izorlisib,CS(=O)(=O)N1CCc2c(-c3cnc(N)nc3)nc(N3CCOCC3)nc21,377.12700846800004,127.43,-0.3254999999999988,26,0.4666666666666667,9,1,2
30,Zipalertinib,C=CC(=O)NC1C=C(C)c2c(-c3cnc4ccccc4c3)c3c(N)ncnc3n2C1,396.16985926000007,98.72,3.3164000000000007,30,0.13043478260869565,6,2,4
31,Zotiraciclib,CN1CC=CCCOc2cccc(c2)-c2ccnc(n2)Nc2cccc(c2)C1,372.195011388,50.28,4.657700000000004,28,0.21739130434782608,5,1,3
32,Vebreltinib,Cn1cc2cc(C(F)(F)c3nnc4ccc(-c5cnn(C6CC6)c5)nn34)c(F)cc2n1,424.1371771400001,78.72,3.4886000000000017,31,0.25,8,0,5
33,Alofanib,Cc1cc([N+](=O)[O-])c(NS(=O)(=O)c2cccc(C(=O)O)c2)cc1-c1cccnc1,413.06815620000003,139.5,3.464220000000001,29,0.05263157894736842,6,2,3
34,Balamapimod,COc1cc2c(Nc3ccc(Sc4nccn4C)c(Cl)c3)c(C#N)cnc2cc1N1CCC(N2CCCC2)CC1,573.2077573240001,82.24,6.461380000000006,40,0.36666666666666664,9,1,4
35,Exarafenib,Cc1ccc(NC(=O)N2CCC(CC(F)(F)F)C2)cc1-c1cc(NC(C)CO)nc(N2CCOCC2)c1,521.261374608,89.96000000000001,4.492520000000003,37,0.5384615384615384,6,3,2
36,Glumetinib,Cn1cc(-c2cnc3cnn(S(=O)(=O)c4cnc5ccc(-c6cnn(C)c6)cn45)c3c2)cn1,459.1225917840001,117.79,2.117,33,0.09523809523809523,11,0,6
37,Gartisertib,Nc1nn2cc(F)cnc2c1C(=O)Nc1cncc(F)c1N1CCC(C(=O)N2CCN(C3COC3)CC2)CC1,541.236142228,134.21999999999997,0.9963999999999995,39,0.48,10,2,3
38,Empesertib,COc1cc(S(C)(=O)=O)ccc1Nc1nc2ccc(-c3ccc(NC(=O)C(C)c4ccc(F)cc4)cc3)cn2n1,559.168953532,114.69,5.4333000000000045,40,0.13793103448275862,8,2,5
39,Vevorisertib,CC(=O)N(C)C1CCN(c2cccc(-c3ccc4nc(-c5cccnc5N)n(-c5ccc(C6(N)CCC6)cc5)c4n3)c2)CC1,586.3168578360003,119.19,5.516700000000004,44,0.3142857142857143,8,2,5
40,Pexmetinib,Cc1ccc(-n2nc(C(C)(C)C)cc2NC(=O)NCc2cc(F)ccc2Oc2ccc3c(cnn3CCO)c2)cc1,556.259817136,106.23,6.073320000000006,41,0.25806451612903225,7,3,5
41,Avutometinib,CNS(=O)(=O)Nc1nccc(Cc2c(C)c3ccc(Oc4ncccn4)cc3oc2=O)c1F,471.10126789599997,136.31,2.6847200000000004,33,0.14285714285714285,8,2,4
42,Theliatinib,C#Cc1cccc(Nc2ncnc3cc(OC)c(NC(=O)N4CC5CCN(C)C5C4)cc23)c1,442.21172407200004,82.62,3.531100000000002,33,0.32,6,2,3
43,Zeteletinib,OCCc1ccc(OC(F)(F)F)cc1,206.055464188,29.46,2.1199999999999997,14,0.3333333333333333,2,1,1
44,Olafertinib,C=CC(=O)Nc1cccc(-c2cccc3cnc(Nc4ccc(N5CCN(CCO)CC5)c(F)c4F)nc23)c1,530.2241805760001,93.62,4.557400000000004,39,0.20689655172413793,7,3,4
45,Conteltinib,COc1cc(N2CCC(N3CCN(C)CC3)CC2)ccc1Nc1nc2c(c(Nc3ccccc3S(=O)(=O)NC(C)C)n1)CCN2,635.3366073000001,126.99,3.843300000000001,45,0.5,11,4,3
46,Luvixasertib,Cc1cc(-c2cnn3c(NCC4CC(C)(O)C4)cc(Oc4cccnc4)nc23)ccc1C(=O)NC1CC1,498.23793882,113.67000000000002,4.357120000000002,37,0.35714285714285715,8,3,4
47,Selatinib,CS(=O)CCNCc1ccc(-c2ccc3ncnc(Nc4ccc(OCc5cccc(F)c5)c(Cl)c4)c3c2)o1,564.1398175920001,89.28000000000002,6.473000000000005,39,0.1724137931034483,7,2,5
48,Puquitinib,c1cnc2ccc(Nc3nc(NC4CC4)c4[nH]cnc4n3)cc2c1,317.13889348000004,91.41000000000001,3.2190000000000003,24,0.17647058823529413,6,3,4
49,Avotaciclib,Nc1nccc(-c2ccc(O)c(-c3ccnc(N)n3)n2)n1,281.10250797200007,136.72,0.8655999999999999,21,0.0,8,3,3
50,Mubritinib,FC(F)(F)c1ccc(C=Cc2nc(COc3ccc(CCCCn4ccnn4)cc3)co2)cc1,468.177310636,65.97,6.0572000000000035,34,0.24,6,0,4
51,Epitinib,C#Cc1cccc(Nc2ncnc3cc(OC)c(NC(=O)N4CCN(CC)CC4)cc23)c1,430.211724072,82.62,3.532700000000002,32,0.2916666666666667,6,2,3
52,Fisogatinib,C=CC(=O)NC1CCOCC1Nc1ncc2cc(-c3c(Cl)c(OC)cc(OC)c3Cl)ccc2n1,502.117460608,94.60000000000001,4.492400000000003,34,0.2916666666666667,7,2,3
53,Panulisib,Cn1c(=NC#N)n(-c2ccc(C(C)(C)C#N)nc2)c2c3cc(-c4cnc(N)c(C(F)(F)F)c4)ccc3ncc21,527.1793763000002,134.48999999999998,4.758160000000003,39,0.18518518518518517,9,1,5
54,Omipalisib,COc1ncc(-c2ccc3nccc(-c4ccnnc4)c3c2)cc1NS(=O)(=O)c1ccc(F)cc1F,505.102016844,106.96000000000001,4.841400000000003,36,0.04,7,1,5
55,Henatinib,Cc1c(C=C2C(=O)Nc3ccc(F)cc32)[nH]c2c1C(=O)N(CC(O)CN1CCOCC1)CCC2,468.21728362799996,97.9,2.03642,34,0.44,5,3,2
56,Zeteletinib,COc1cc2cc(-c3ccc(CC(=O)Nc4cc(C(C)(C)C(F)(F)F)no4)cn3)cnc2cc1OC,500.16713987599996,99.37,5.323100000000005,36,0.28,7,1,4
57,Lifirafenib,O=C1CCc2c(Oc3ccc4c(c3)C3C(O4)C3c3nc4ccc(C(F)(F)F)cc4[nH]3)ccnc2N1,478.125275064,89.13,5.295700000000003,35,0.24,5,2,4
58,Flonoltinib,Cc1cnc(Nc2ccc(N3CCC(N(C)CCO)CC3)c(F)c2)nc1-c1cnn(C(C)C)c1,467.2808869280001,82.34000000000002,4.005020000000003,34,0.48,8,2,3
59,Altiratinib,O=C(Nc1cc(Oc2cc(F)c(NC(=O)C3(C(=O)Nc4ccc(F)cc4)CC3)cc2F)ccn1)C1CC1,510.151489812,109.42000000000002,4.997100000000003,37,0.23076923076923078,5,3,3
60,Fidrisertib,CCOC1(c2ccc(-c3cc4c(N5CCN(C(=O)OC6CCOC6)CC5)ccnn4c3)nc2)CCN(C(C)C)CC1,562.3267538240002,84.67,4.179800000000004,41,0.5806451612903226,9,0,3
61,Emprumapimod,CC(C)Cn1ncc2cc(Oc3ccc(F)cc3F)c(C(=O)NC(CCN(C)C)C(N)=O)cc21,473.223846228,102.48000000000002,3.2982000000000014,34,0.375,6,2,3
62,Vamotinib,Cc1ccc(C(=O)Nc2ccc(CN3CCN(C)CC3)c(C(F)(F)F)c2)cc1C#Cc1nnc2ccccn12,532.219844144,65.77000000000001,4.456020000000004,39,0.27586206896551724,6,1,4
63,Padnarsertib,Nc1ccc(C=CC(=O)NCc2cc3cc(-c4ccc(C(=O)N5CCC(F)(F)CC5)cc4)cc(-c4ccc(F)cc4)c3o2)cn1,610.219175448,101.46,7.084000000000006,45,0.17142857142857143,5,2,5
64,Tamnorzatinib,COc1cc2nccc(Oc3ccc(NC(=O)c4cc5c(n(-c6ccccc6)c4=O)CCCC5=O)nc3)c2cc1OC,562.185234552,121.64,5.361500000000005,42,0.15625,9,1,5
65,Tuspetinib,Cc1ccc2c(-c3nc(Nc4cc(CN5CC(C)NC(C)C5)cc(C5CC5)c4)ncc3Cl)c[nH]c2c1,500.24552273600005,68.87,6.389920000000005,36,0.3793103448275862,5,3,4
66,Tafetinib,CCN(CC)CCNC(=O)c1c(C)[nH]c2c1CCCC2=C1C(=O)Nc2ccc(F)cc21,424.227454388,77.23,3.7330200000000024,31,0.4166666666666667,3,3,2
67,Pamufetinib,CNC(=O)c1cc2c(Oc3ccc(NC(=S)NC(=O)Cc4ccccc4)cc3F)ccnc2cc1OC,518.142404436,101.58000000000001,4.590100000000003,37,0.1111111111111111,6,3,4
68,Ravoxertinib,Cn1nccc1Nc1nccc(-c2ccn(C(CO)c3ccc(Cl)c(F)c3)c(=O)c2)n1,440.1163797159999,97.86,3.156600000000002,31,0.14285714285714285,8,2,4
69,Atuveciclib,COc1cc(F)ccc1-c1ncnc(Nc2cccc(CS(C)(=N)=O)c2)n1,387.116524036,100.85000000000001,3.6064700000000007,27,0.16666666666666666,7,2,3
70,Tinlorafenib,Cc1c(Nc2c(F)ccc(NS(=O)(=O)CCCF)c2Cl)ccc2ncn(C)c(=O)c12,456.0834455880001,93.09,3.8793200000000025,30,0.2631578947368421,6,2,3
71,Samuraciclib,CC(C)c1cnn2c(NCc3ccccc3)cc(NCC3CCNCC3O)nc12,394.24810958,86.51,2.8471000000000015,29,0.45454545454545453,7,4,3
72,Fadraciclib,CCC(Nc1nc(NCc2cnc(C)cc2C)c2ncn(C(C)C)c2n1)C(C)O,397.25900861200006,100.78,3.6024400000000023,29,0.5238095238095238,8,3,3
73,Emavusertib,Cc1cc(-c2nc(C(=O)Nc3cc4oc(N5CCOCC5)nc4nc3N3CCC(O)C3)co2)ccn1,491.1917169000001,142.88,2.2411199999999996,36,0.375,11,2,4
74,Linperlisib,COc1ncc(-c2nc(N3CCOCC3)nc3c(CN4CCC(C(C)(C)O)CC4)cc(F)cc23)cc1NS(C)(=O)=O,588.253017504,130.01,3.030500000000002,41,0.5357142857142857,10,2,3
75,Elimusertib,CC1COCCN1c1cc(-c2ccnn2C)c2ccnc(-c3ccn[nH]3)c2n1,375.1807582920001,84.75,2.645500000000001,28,0.3,7,1,4
76,Narazaciclib,CN1CCN(c2ccc(Nc3ncc4cc(C#N)c(=O)n(C5CCCC5)c4n3)cc2)CC1,429.22770848400006,90.07999999999998,3.2736800000000015,32,0.4166666666666667,8,1,3
77,Nedisertib,COc1ccc(C(O)c2cc(-c3ncnc4cc(N5CCOCC5)ccc34)c(F)cc2Cl)nn1,481.1316954320001,93.49000000000001,3.8062000000000036,34,0.25,8,1,4
78,Ningetinib,Cc1c(C(=O)Nc2ccc(Oc3ccnc4cc(OCC(C)(C)O)ccc34)c(F)c2)c(=O)n(-c2ccccc2)n1C,556.2121982479999,107.61000000000001,5.366020000000006,41,0.1935483870967742,8,2,5
79,Peposertib,COCCOc1c(OC)cc(Cc2cnc(N)nc2N)cc1OC,334.164105184,114.74,1.2742000000000002,24,0.375,8,2,2
80,Repotrectinib,CC1CNC(=O)c2cnn3ccc(nc23)NC(C)c2cc(F)ccc2O1,355.14445303599996,80.55000000000001,2.552200000000001,26,0.2777777777777778,6,2,3
81,Dubermatinib,CN1CCN(Cc2ccc(Nc3ncc(Cl)c(Nc4ccccc4S(=O)(=O)N(C)C)n3)cc2)CC1,515.1870218800001,93.7,3.6149000000000022,35,0.3333333333333333,8,2,3
82,Selitrectinib,CC1CCc2ncc(F)cc2C2CCCN2c2ccn3ncc(c3n2)C(=O)N1,380.1760875120001,75.42,2.6693999999999996,28,0.4,6,1,3
83,Tozasertib,Cc1cc(Nc2cc(N3CCN(C)CC3)nc(Sc3ccc(NC(=O)C4CC4)cc3)n2)n[nH]1,464.21067851600003,102.07,3.5032200000000016,33,0.391304347826087,8,3,3
84,Edicotinib,CC1(C)CC=C(c2nc(C3CC(C)(C)OC(C)(C)C3)ccc2NC(=O)c2ncc(C#N)[nH]2)CC1,461.2790753600001,103.69,5.973380000000005,34,0.5555555555555556,5,2,2
85,Mavelertinib,C=CC(=O)NC1CN(c2nc(Nc3cn(C)nc3OC)c3ncn(C)c3n2)CC1F,415.188049164,115.02,0.6778999999999995,30,0.3888888888888889,10,2,3
86,Dalpiciclib,CC(=O)c1c(C)c2cnc(Nc3ccc(C4CCNCC4)cn3)nc2n(C2CCCC2)c1=O,446.24302420000004,101.79999999999998,4.023220000000003,33,0.48,8,2,3
87,Darovasertib,CC1(N)CCN(c2cccnc2NC(=O)c2nc(-c3ncccc3C(F)(F)F)cnc2N)CC1,472.1946920160001,135.94,3.1045000000000016,34,0.3181818181818182,8,3,3
88,Derazantinib,COCCNCCc1cccc(Nc2ncc3c(n2)-c2ccccc2C(c2ccccc2F)C3)c1,468.23253976800004,59.07,5.492800000000004,35,0.2413793103448276,5,2,4
89,Defactinib,CNC(=O)c1ccc(Nc2ncc(C(F)(F)F)c(NCc3nccnc3N(C)S(C)(=O)=O)n2)cc1,510.140942192,142.1,2.3965000000000005,35,0.25,9,3,3
90,Danusertib,COC(C(=O)N1Cc2[nH]nc(NC(=O)c3ccc(N4CCN(C)CC4)cc3)c2C1)c1ccccc1,474.23793881999995,93.8,2.6437,35,0.34615384615384615,6,2,3
91,Pilaralisib,COc1ccc(Cl)c(Nc2nc3ccccc3nc2NS(=O)(=O)c2cccc(NC(=O)C(C)(C)N)c2)c1,540.13465196,148.33,4.512000000000001,37,0.16,8,4,4
92,Bentamapimod,N#CC(c1ccnc(OCc2ccc(CN3CCOCC3)cc2)n1)c1nc2ccccc2s1,457.157245976,84.16,4.152980000000003,33,0.28,8,0,4
93,Gusacitinib,N#CCC1CCN(c2nc(Nc3ccc(N4CCC(O)CC4)cc3)c3c(=O)[nH]ncc3n2)CC1,460.23352213600003,134.06,2.54788,34,0.4583333333333333,9,3,3
94,Milciclib,CNC(=O)c1nn(C)c2c1C(C)(C)Cc1cnc(Nc3ccc(N4CCN(C)CC4)cc3)nc1-2,460.26990764400006,91.21,2.5658000000000003,34,0.44,8,2,3
95,Gandotinib,Cc1cc(Nc2cc(CN3CCOCC3)c3nc(C)c(Cc4ccc(Cl)cc4F)n3n2)n[nH]1,469.17931432,83.37,4.028340000000003,33,0.34782608695652173,7,2,4
96,Doramapimod,Cc1ccc(-n2nc(C(C)(C)C)cc2NC(=O)Nc2ccc(OCCN3CCOCC3)c3ccccc23)cc1,527.289640044,80.65,5.986420000000006,39,0.3548387096774194,6,2,4
97,Elsubrutinib,C=CC(=O)N1CCCC(c2ccc(C(N)=O)c3[nH]ccc23)C1,297.147726848,79.19,2.1588000000000003,22,0.29411764705882354,2,2,2
98,Azenosertib,C=CCn1c(=O)c2cnc(Nc3ccc(N4CCN(C)CC4)cc3)nc2n1-c1ccc2c(n1)C(O)(CC)CC2,526.2804723280001,104.34,3.2024000000000017,39,0.3793103448275862,10,2,4
99,Galunisertib,Cc1cccc(-c2nn3c(c2-c2ccnc4ccc(C(N)=O)cc24)CCC3)n1,369.158960228,86.69,3.513820000000001,28,0.18181818181818182,5,1,4
100,Ebvaciclib,CC1(O)CCCC1n1c(=O)c(C(F)F)cc2cnc(NC3CCN(S(C)(=O)=O)CC3)nc21,471.1751817840001,117.42,2.041,32,0.65,8,2,2
101,Glesatinib,COCCNCc1ccc(-c2cc3nccc(Oc4ccc(NC(=S)NC(=O)Cc5ccc(F)cc5)cc4F)c3s2)nc1,619.152338164,97.4,6.220500000000004,43,0.16129032258064516,8,3,5
102,Golvatinib,CN1CCN(C2CCN(C(=O)Nc3cc(Oc4ccc(NC(=O)C5(C(=O)Nc6ccc(F)cc6)CC5)c(F)c4)ccn3)CC2)CC1,633.287509104,119.13999999999999,4.753200000000002,46,0.3939393939393939,7,3,3
103,Befotertinib,C=CC(=O)Nc1cc(Nc2nccc(-c3cn(CC(F)(F)F)c4ccccc34)n2)c(OC)cc1N(C)CCN(C)C,567.2569579240001,87.55,5.535100000000006,41,0.27586206896551724,8,2,4
104,Ilorasertib,Nc1ncc(-c2cnn(CCO)c2)c2scc(-c3ccc(NC(=O)Nc4cccc(F)c4)cc3)c12,488.1430731320001,118.09,5.184400000000004,35,0.08,7,4,5
105,Ilginatinib,CC(Nc1cc(-c2cnn(C)c2)cc(Nc2cnccn2)n1)c1ccc(F)cc1,389.17642186000006,80.55000000000001,4.327900000000002,29,0.14285714285714285,7,2,4
106,Acalisib,CC(Nc1ncnc2nc[nH]c12)c1nc2ccc(F)cc2c(=O)n1-c1ccccc1,401.1400363520001,101.38,3.364200000000001,30,0.09523809523809523,7,2,5
107,Apitolisib,Cc1c(CN2CCN(C(=O)C(C)O)CC2)sc2c(N3CCOCC3)nc(-c3cnc(N)nc3)nc12,498.21615782000003,133.82999999999998,0.9005200000000009,35,0.5217391304347826,11,2,3
108,Ivarmacitinib,COc1nsc(NC(=O)N2CC3CC(N(C)c4ncnc5[nH]ccc45)CC3C2)n1,414.15864294400006,112.16,2.1967,29,0.5,8,2,3
109,Pifusertib,CC1(O)CC(N)(c2ccc(-c3nc4n(c3-c3ccccc3)COc3ccncc3-4)cc2)C1,424.189926008,86.19,4.327800000000003,32,0.23076923076923078,6,2,4
110,Foretinib,COc1cc2c(Oc3ccc(NC(=O)C4(C(=O)Nc5ccc(F)cc5)CC4)cc3F)ccnc2cc1OCCCN1CCOCC1,632.2446412480001,111.25,5.7724000000000055,46,0.3235294117647059,8,2,4
111,Berzosertib,CNCc1ccc(-c2cc(-c3nc(-c4ccc(S(=O)(=O)C(C)C)cc4)cnc3N)on2)cc1,463.1678106600001,124.0,3.949300000000002,33,0.20833333333333334,8,2,4
112,Serabelisib,Nc1nc2cc(-c3ccc4ncc(C(=O)N5CCOCC5)n4c3)ccc2o1,363.133139404,98.89,2.1971,27,0.21052631578947367,7,1,4
113,Camonsertib,CC1COCCN1c1cc(C2(O)CC3CCC(C2)O3)c2cnn(-c3cc[nH]n3)c2n1,410.2066386920001,101.32000000000001,1.8976999999999997,30,0.5714285714285714,8,2,3
114,Nemiralisib,CC(C)N1CCN(Cc2cnc(-c3cc(-c4cccc5[nH]ccc45)cc4[nH]ncc34)o2)CC1,440.23245951600006,76.98,4.892200000000003,33,0.3076923076923077,5,2,5
115,Neflamapimod,O=c1ncn2nc(Sc3ccc(F)cc3F)ccc2c1-c1c(Cl)cccc1Cl,434.98114470800004,47.260000000000005,5.492700000000002,28,0.0,5,0,4
116,Zapnometinib,O=C(O)c1ccc(F)c(F)c1Nc1ccc(I)cc1Cl,408.91781058399994,49.33,4.664600000000001,20,0.0,2,2,2
117,Spebrutinib,C=CC(=O)Nc1cccc(Nc2nc(Nc3ccc(OCCOC)cc3)ncc2F)c1,423.170667784,97.4,4.252600000000002,31,0.13636363636363635,7,3,3
118,Eganelisib,CC(NC(=O)c1c(N)nn2cccnc12)c1cc2cccc(C#Cc3cnn(C)c3)c2c(=O)n1-c1ccccc1,528.2022220080001,125.13,3.2398999999999996,40,0.1,9,2,6
119,Riviciclib,CN1CCC(c2c(O)cc(O)c3c(=O)cc(-c4ccccc4Cl)oc23)C1CO,401.10300041999994,94.14,3.3046000000000024,28,0.2857142857142857,6,3,3
120,Allitinib,C=CC(=O)Nc1ccc2ncnc(Nc3ccc(OCc4cccc(F)c4)c(Cl)c3)c2c1,448.110231716,76.14,5.869400000000003,32,0.041666666666666664,5,2,4
121,Onvansertib,CN1CCN(c2ccc(OC(F)(F)F)c(Nc3ncc4c(n3)-c3c(c(C(N)=O)nn3CCO)CC4)c2)CC1,532.2158213839999,134.66,1.923899999999999,38,0.4166666666666667,10,3,3
122,Verosudil,CN(C)C(C(=O)Nc1ccc2c(=O)[nH]ccc2c1)c1ccsc1,327.104147784,65.2,2.8310000000000004,23,0.17647058823529413,4,2,3
123,Pamapimod,Cn1c(=O)c(Oc2ccc(F)cc2F)cc2cnc(NC(CCO)CCO)nc21,406.14526156,109.50000000000001,1.9442999999999997,29,0.3157894736842105,8,3,3
124,Seletalisib,[O-][n+]1cccc(-c2nc3c(Cl)cccc3cc2C(Nc2ncnc3cccnc23)C(F)(F)F)c1,482.0869714080001,90.53,5.242300000000003,34,0.08695652173913043,6,1,5
125,Zimlovisertib,CCC1C(COc2nccc3cc(C(N)=O)c(OC)cc23)NC(=O)C1F,361.14378434,103.54000000000002,1.5837999999999999,26,0.3888888888888889,5,2,2
126,Olmutinib,C=CC(=O)Nc1cccc(Oc2nc(Nc3ccc(N4CCN(C)CC4)cc3)nc3ccsc23)c1,486.183795072,82.62,5.103500000000004,35,0.19230769230769232,8,2,4
127,Tilpisertib,Cn1ccc2c(C(Nc3cc(Cl)c4ncc(C#N)c(NCC(C)(C)C)c4c3)c3cn(C45CC(C4)C5)nn3)cccc2c1=O,592.2465853560002,113.45000000000002,6.371780000000007,43,0.36363636363636365,9,2,5
128,Belvarafenib,Cc1ccc2c(Nc3cccc(Cl)c3F)nccc2c1NC(=O)c1csc2c(N)ncnc12,478.0778860320001,105.82,5.918520000000002,33,0.043478260869565216,7,3,5
129,Bemcentinib,Nc1nc(Nc2ccc3c(c2)CCC(N2CCCC2)CC3)nn1-c1cc2c(nn1)-c1ccccc1CCC2,506.290643088,97.77999999999999,4.882000000000003,38,0.4,8,2,4
130,Zorifertinib,COc1cc2ncnc(Nc3cccc(Cl)c3F)c2cc1OC(=O)N1CCN(C)CC1C,459.147345496,79.82,4.309200000000003,32,0.3181818181818182,7,1,3
131,Foslinanib,COc1ccc2[nH]c(-c3cccc(F)c3)cc(=O)c2c1OP(=O)(O)O,365.0464519860001,108.85,2.814300000000001,25,0.0625,4,3,3
132,Lucitanib,CNC(=O)c1cccc2cc(Oc3ccnc4cc(OCC5(N)CC5)c(OC)cc34)ccc12,443.18450628,95.7,4.418600000000003,33,0.23076923076923078,6,2,4
133,Tamatinib,COc1cc(Nc2ncc(F)c(Nc3ccc4c(n3)NC(=O)C(C)(C)O4)n2)cc(OC)c1OC,470.1713960559999,128.75,3.633200000000002,34,0.2727272727272727,10,3,3
134,Mivavotinib,Cn1cc(-c2nc(NC3CCCCC3N)c(F)c3c2C(=O)NC3)cn1,344.17608751200004,97.86,1.5463999999999993,25,0.47058823529411764,6,3,2
135,Tunlametinib,O=C(NOCCO)c1cc2scnc2c(F)c1Nc1ccc(I)cc1F,490.961216684,83.48,3.5764000000000014,26,0.125,6,3,3
136,Nemtabrutinib,O=C(c1ccc(Oc2ccccc2)cc1Cl)c1c[nH]c2ncnc(NC3CCC(CO)OC3)c12,478.1407828960001,109.36000000000001,4.586400000000005,34,0.24,7,3,4
137,Edralbrutinib,CC#CC(=O)N1CCC(n2cc(-c3ccc(Oc4c(F)cccc4F)cc3)c3c(N)n[nH]c(=O)c32)C1,489.1612459720001,106.23999999999998,3.841000000000001,36,0.19230769230769232,6,2,4
138,Bimiralisib,N=c1cc(C(F)(F)F)c(-c2nc(N3CCOCC3)nc(N3CCOCC3)n2)c[nH]1,411.16305753999995,103.25,1.0381699999999996,29,0.5294117647058824,8,2,2
139,Naporafenib,Cc1ccc(NC(=O)c2ccnc(C(F)(F)F)c2)cc1-c1cc(OCCO)nc(N2CCOCC2)c1,502.18278993999996,96.81,3.9308200000000033,36,0.32,7,2,3
140,Solcitinib,CC1(C)CN(C(=O)c2ccc(-c3cccc4nc(NC(=O)C5CC5)nn34)cc2)C1,389.18517497600004,79.6,3.2268000000000017,29,0.36363636363636365,5,1,3
141,Simurosertib,Cc1n[nH]cc1-c1cc2nc(C3CC4CCN3CC4)[nH]c(=O)c2s1,341.13103122800004,77.67,2.839920000000001,24,0.47058823529411764,5,2,3
142,Branebrutinib,CC#CC(=O)NC1CCCN(c2c(F)cc(C(N)=O)c3[nH]c(C)c(C)c23)C1,370.180504196,91.22,2.13104,27,0.4,3,3,2
143,Paxalisib,CC1(C)OCCn2c1nc1c(N3CCOCC3)nc(-c3cnc(N)nc3)nc12,382.1865719440001,117.1,0.9674,28,0.5,10,1,3
144,Prexasertib,COc1cccc(OCCCN)c1-c1cc(Nc2cnc(C#N)cn2)n[nH]1,365.16002284800004,134.76,2.2181799999999994,27,0.2222222222222222,8,3,3
145,Pelitinib,CCOc1cc2ncc(C#N)c(Nc3ccc(F)c(Cl)c3)c2cc1NC(=O)C=CCN(C)C,467.1524308760001,90.28,5.097580000000004,33,0.20833333333333334,6,2,3
146,Amuvatinib,S=C(NCc1ccc2c(c1)OCO2)N1CCN(c2ncnc3c2oc2ccccc23)CC1,447.136510532,75.89000000000001,3.301400000000001,32,0.2608695652173913,7,1,4
147,Vactosertib,Cc1cccc(-c2[nH]c(CNc3ccccc3F)nc2-c2ccc3ncnn3c2)n1,399.16077179600006,83.79,4.241020000000003,30,0.09090909090909091,6,2,5
148,Amcasertib,CCN(CC)CCNC(=O)c1c(C)[nH]c(C=C2C(=O)Nc3ccc(-c4csc(-c5ccccc5)n4)cc32)c1C,539.235496296,90.12,5.9863400000000055,39,0.25806451612903225,5,3,4
149,Pictilisib,CS(=O)(=O)N1CCN(Cc2cc3nc(-c4cccc5[nH]ncc45)nc(N4CCOCC4)c3s2)CC1,513.1616797240001,107.55000000000001,2.1484000000000005,35,0.43478260869565216,9,1,4
150,Pimasertib,O=C(NCC(O)CO)c1ccncc1Nc1ccc(I)cc1F,431.01421755999996,94.48,1.6519000000000004,23,0.2,5,4,2
151,Pirotinib,C=CC(=O)Nc1cc2c(Nc3ccc(F)c(Cl)c3)ncnc2cc1OCC1CC2(CCN(C)CC2)C1,509.1993810680001,79.38,5.791200000000005,36,0.37037037037037035,6,2,3
152,Uprosertib,Cn1ncc(Cl)c1-c1cc(C(=O)NC(CN)Cc2ccc(F)c(F)c2)oc1Cl,428.061837552,86.08,3.5649000000000006,28,0.2222222222222222,5,2,3
153,Dilmapimod,Cc1cc(F)ccc1-c1nc(NC(CO)CO)nc2c1ccc(=O)n2-c1c(F)cccc1F,456.140925128,100.27000000000001,2.9385200000000005,33,0.17391304347826086,7,3,4
154,Miransertib,Nc1ncccc1-c1nc2ccc(-c3ccccc3)nc2n1-c1ccc(C2(N)CCC2)cc1,432.20624476800003,95.64,5.069600000000003,33,0.14814814814814814,6,2,5
155,Povorcitinib,Cc1n[nH]c(C)c1-c1cnn(C2(CC#N)CN(c3cc(F)c(C(=O)NC(C)C(F)(F)F)cc3F)C2)c1,507.180599424,102.63,3.9780200000000026,36,0.391304347826087,6,2,3
156,Golidocitinib,COc1nn(C)cc1Nc1nccc(-c2c[nH]c3c(NC(=O)C(C)N4CCN(C)CC4)cccc23)n1,489.2600712320001,116.22999999999998,2.6850000000000005,36,0.36,9,3,4
157,Eclitasertib,CN1C(=O)C(NC(=O)c2n[nH]c(Cc3ccccc3)n2)COc2cccnc21,378.144038436,113.10000000000001,0.944299999999999,28,0.21052631578947367,6,2,3
158,Ropsacitinib,Cn1cc(-c2cn3nccc3c(-c3cnn(C4(CC#N)CC(C#N)C4)c3)n2)cn1,383.1606915440001,113.41,2.5358600000000004,29,0.3,9,0,4
159,Vistusertib,CNC(=O)c1cccc(-c2ccc3c(N4CCOCC4C)nc(N4CCOCC4C)nc3n2)c1,462.23793881999995,92.71000000000001,2.5016000000000007,34,0.44,8,1,3
160,Vodobatinib,Cc1ccc(C(=O)NNC(=O)c2c(C)cccc2Cl)cc1C#Cc1cnc2ccccc2c1,453.12440456,71.09,4.979640000000003,33,0.07407407407407407,3,2,4
161,Poseltinib,C=CC(=O)Nc1cccc(Oc2nc(Nc3ccc(N4CCN(C)CC4)cc3)nc3ccoc23)c1,470.206638692,95.75999999999999,4.6350000000000025,35,0.19230769230769232,8,2,4
162,Tasurgratinib,CNC(=O)n1ccc2cc(Oc3ccnc(NC(=O)c4ccc(C5CCN(CCO)CC5)cc4)c3)c(OCCOC)cc21,587.2743839039999,127.18,4.4653000000000045,43,0.34375,9,3,4
163,Ralimetinib,CC(C)(C)Cn1c(N)nc2ccc(-c3[nH]c(C(C)(C)C)nc3-c3ccc(F)cc3)nc21,420.24377314800006,85.41,5.553300000000005,31,0.375,5,2,4
164,Rebastinib,CNC(=O)c1cc(Oc2ccc(NC(=O)Nc3cc(C(C)(C)C)nn3-c3ccc4ncccc4c3)c(F)c2)ccn1,553.223765976,123.06,6.0480000000000045,41,0.16666666666666666,7,3,5
165,Ulixertinib,CC(C)Nc1cc(-c2c[nH]c(C(=O)NC(CO)c3cccc(Cl)c3)c2)c(Cl)cn1,432.111981304,90.04,4.667200000000004,29,0.23809523809523808,4,4,3
166,Refametinib,COc1cc(F)c(F)c(Nc2ccc(I)cc2F)c1NS(=O)(=O)C1(CC(O)CO)CC1,572.0089753999999,107.89,3.4783000000000026,31,0.3684210526315789,6,4,2
167,Silmitasertib,O=C(O)c1ccc2c(c1)nc(Nc1cccc(Cl)c1)c1ccncc12,349.06180430399996,75.11,4.878200000000003,25,0.0,4,2,4
168,Seralutinib,COc1ccc(-c2cncc(NC(C)c3cccc(NC(=O)c4cncc(C)c4)c3)n2)cc1OC,469.211389724,98.26,5.289620000000004,35,0.18518518518518517,7,2,4
169,Izencitinib,Cc1cc(Nc2cc3ncccc3c(NC3CC4CCC(C3)N4CCC#N)n2)n[nH]1,402.22804283200014,105.55000000000001,3.725900000000001,30,0.45454545454545453,7,3,3
170,Tuvusertib,Cn1cncc1-c1c(F)cncc1NC(=O)c1c(N)nn2cc(F)cnc12,370.11021344400007,116.02,1.6374999999999995,27,0.0625,8,2,4
171,Nezulcitinib,CCc1cc(O)ccc1-c1ccc2c(-c3nc4c([nH]3)CC(C(=O)N3CC(N(C)C)C3)N(C(C)C)C4)n[nH]c2c1,527.300873424,104.38000000000001,3.795500000000003,39,0.43333333333333335,6,3,4
172,Bafetinib,Cc1ccc(NC(=O)c2ccc(CN3CCC(N(C)C)C3)c(C(F)(F)F)c2)cc1Nc1nccc(-c2cncnc2)n1,576.257292272,99.16999999999999,5.3926200000000035,42,0.3,8,2,4
173,Vorolanib,Cc1[nH]c(C=C2C(=O)Nc3ccc(F)cc32)c(C)c1C(=O)NC1CCN(C(=O)N(C)C)C1,439.201967912,97.53999999999999,2.749040000000001,32,0.34782608695652173,3,3,2
174,Rabusertib,Cc1cnc(NC(=O)Nc2cc(Br)c(C)cc2OCC2CNCCO2)cn1,435.090601664,97.4,2.86714,27,0.3888888888888889,6,3,2
175,Sapitinib,CNC(=O)CN1CCC(Oc2cc3c(Nc4cccc(Cl)c4F)ncnc3cc2OC)CC1,473.16299556000007,88.61000000000001,3.763700000000001,33,0.34782608695652173,7,2,3
176,Tovorafenib,CC(NC(=O)c1ncnc(N)c1Cl)c1ncc(C(=O)Nc2cc(C(F)(F)F)c(Cl)cn2)s1,505.01023364400004,135.78,3.9792000000000014,32,0.17647058823529413,8,3,3
177,Tomivosertib,Cc1cc(Nc2cc(N)ncn2)c(=O)n2c1C(=O)NC21CCCCC1,340.16477388000004,114.93,1.6328199999999997,25,0.4117647058823529,7,3,2
178,Merestinib,Cc1ccc(C(=O)Nc2ccc(Oc3cc4cnn(C)c4cc3-c3cn[nH]c3)c(F)c2)c(=O)n1-c1ccc(F)cc1,552.1721450040001,106.83,5.745520000000004,41,0.06666666666666667,7,2,6
179,Onatasertib,COC1CCC(N2C(=O)CNc3ncc(-c4ccc(C(C)(C)O)nc4)nc32)CC1,397.211389724,100.47,2.4821,29,0.5238095238095238,7,2,2
180,Rogaratinib,COCc1c(-c2cc3cc(C)cc(OC)c3s2)c2c(N)ncnn2c1CN1CCNC(=O)C1,466.17870969200004,107.01,2.588420000000001,33,0.34782608695652173,9,2,4
181,Roniciclib,CC(O)C(C)Oc1nc(Nc2ccc(S(=N)(=O)C3CC3)cc2)ncc1C(F)(F)F,430.12864619199996,108.19000000000001,3.955170000000003,29,0.4444444444444444,7,3,2
182,Ifidancitinib,COc1cc(Nc2ncc(C)c(Nc3ccc4oc(=O)[nH]c4c3)n2)cc(C)c1F,395.13936765600005,105.07000000000001,4.162840000000002,29,0.15,7,3,4
183,Telatinib,CNC(=O)c1cc(COc2nnc(Nc3ccc(Cl)cc3)c3ccoc23)ccn1,409.09416705200005,102.17,3.953400000000002,29,0.1,7,2,4
184,Voruciclib,CN1CCC(c2c(O)cc(O)c3c(=O)cc(-c4ccc(C(F)(F)F)cc4Cl)oc23)C1CO,469.090385048,94.14,4.323400000000004,32,0.3181818181818182,6,3,3
185,Sapanisertib,CC(C)n1nc(-c2ccc3oc(N)nc3c2)c2c(N)ncnc21,309.13380810000007,121.67,2.379799999999999,23,0.2,8,2,4
186,Pegcantratinib,COCCN1C(=O)OC2(CC3OC2(C)n2c4ccccc4c4c5c(c6c7ccccc7n3c6c42)C(=O)NC5)C1=O,536.169584488,104.03,4.115000000000003,40,0.3,8,1,5
187,Seliciclib,CCC(CO)Nc1nc(NCc2ccccc2)c2ncn(C(C)C)c2n1,354.216809452,87.89,3.2021000000000015,26,0.42105263157894735,7,3,3
188,Talmapimod,CC1CN(C(=O)c2cc3c(C(=O)C(=O)N(C)C)cn(C)c3cc2Cl)C(C)CN1Cc1ccc(F)cc1,512.19904672,65.86,3.9767000000000037,36,0.37037037037037035,5,0,3
189,Sonolisib,C=CCN(C=C1C(=O)OC(COC)C2(C)C1=C(O)C(=O)C1=C2C(OC(C)=O)CC2(C)C(=O)CCC12)CC=C,525.23626708,119.44000000000003,3.1346000000000016,38,0.5172413793103449,9,1,0
190,Voxtalisib,CCn1c(=O)c(-c2ccn[nH]2)cc2c(C)nc(N)nc21,270.12290906799996,102.48,1.09212,20,0.23076923076923078,6,2,3
191,Samotolisib,COC(C)Cn1c(=O)n(C)c2cnc3ccc(-c4cncc(C(C)(C)O)c4)cc3c21,406.20049069199996,82.17,3.212500000000002,30,0.34782608695652173,7,1,4
192,Taletrectinib,CC(N)COc1ccc(-c2cnc3ccc(NC(C)c4cccc(F)c4)nn23)cc1,405.19648860800004,77.47,4.4345000000000026,30,0.21739130434782608,6,2,4
193,Zunsemetinib,Cc1cnc(-c2ccnc(C(C)(C)O)n2)cc1-n1c(C)cc(OCc2ncc(F)cc2F)c(Cl)c1=O,513.137923684,103.02000000000001,4.439340000000004,36,0.24,8,1,4
194,Decernotinib,CCC(C)(Nc1ccnc(-c2c[nH]c3ncccc23)n1)C(=O)NCC(F)(F)F,392.1572438880001,95.58999999999999,3.279000000000001,28,0.3333333333333333,5,3,3
195,Tanzisertib,OC1CCC(Nc2ncc3nc(Nc4c(F)cc(F)cc4F)n(C4CCOC4)c3n2)CC1,448.18345863599995,97.12,3.6640000000000024,32,0.47619047619047616,8,3,3
196,Acumapimod,Cc1ccc(C(=O)NC2CC2)cc1-n1ncc(C(=O)c2cccc(C#N)c2)c1N,385.15387484800004,113.80000000000001,2.7577999999999996,29,0.18181818181818182,6,2,3
197,Tinengotinib,Cc1[nH]nc2c1N=C(c1ccccc1Cl)c1cnc(N3CCOCC3)cc1N2,394.130886908,78.43,3.829220000000002,28,0.25,6,2,3
198,Tenalisib,CCC(Nc1ncnc2[nH]cnc12)c1oc2ccccc2c(=O)c1-c1cccc(F)c1,415.14445303600013,96.7,4.828600000000003,31,0.13043478260869565,6,2,5
199,Mirdametinib,O=C(NOCC(O)CO)c1ccc(F)c(F)c1Nc1ccc(I)cc1F,481.995039588,90.82000000000001,2.4667000000000003,26,0.1875,5,4,2
200,Tirabrutinib,CC#CC(=O)N1CCC(n2c(=O)n(-c3ccc(Oc4ccccc4)cc3)c3c(N)ncnc32)C1,454.1753385639999,108.27,2.753400000000001,34,0.2,8,1,4
201,Tarloxotinib,Cn1cnc([N+](=O)[O-])c1C[N+](C)(C)CC=CC(=O)Nc1cc2c(Nc3ccc(Cl)c(Br)c3)ncnc2cn1.[Br-],679.0057375080002,140.76000000000002,1.6012999999999997,39,0.20833333333333334,9,2,4
202,Zabedosertib,CC(C)(O)c1cc2nn(CCS(C)(=O)=O)cc2cc1NC(=O)c1cccc(C(F)(F)F)n1,470.12356081200005,114.17999999999999,2.974400000000001,32,0.35,7,2,3
203,Tandutinib,COc1cc2c(N3CCN(C(=O)Nc4ccc(OC(C)C)cc4)CC3)ncnc2cc1OCCCN1CCCCC1,562.326753824,92.29,5.034500000000005,41,0.5161290322580645,8,1,3
204,Adavosertib,C=CCn1c(=O)c2cnc(Nc3ccc(N4CCN(C)CC4)cc3)nc2n1-c1cccc(C(C)(C)O)n1,500.264822264,104.34000000000002,2.8860000000000015,37,0.3333333333333333,10,2,4
205,Afuresertib,Cn1ncc(Cl)c1-c1cc(C(=O)NC(CN)Cc2cccc(F)c2)sc1Cl,426.04841574400007,72.94,3.894300000000001,27,0.2222222222222222,5,2,3
206,Sotrastaurin,CN1CCN(c2nc(C3=C(c4c[nH]c5ccccc45)C(=O)NC3=O)c3ccccc3n2)CC1,438.180423944,94.22,2.4301000000000004,33,0.2,6,2,4
207,Opaganib,O=C(NCc1ccncc1)C12CC3CC(C1)CC(c1ccc(Cl)cc1)(C3)C2,380.16554110000004,41.99,4.889400000000004,27,0.4782608695652174,2,1,2
208,Varlitinib,CC1COC(Nc2ccc3ncnc(Nc4ccc(OCc5nccs5)c(Cl)c4)c3c2)=N1,466.097872528,93.55,5.248900000000003,32,0.18181818181818182,9,2,4
209,Cerdulatinib,CCS(=O)(=O)N1CCN(c2ccc(Nc3ncc(C(N)=O)c(NC4CC4)n3)cc2)CC1,445.1896087240001,133.55,1.3651000000000009,31,0.45,8,3,2
210,Tivantinib,O=C1NC(=O)C(c2cn3c4c(cccc24)CCC3)C1c1c[nH]c2ccccc12,369.147726848,66.89,3.592600000000002,28,0.21739130434782608,3,2,4
211,Alvocidib,CN1CCC(c2c(O)cc(O)c3c(=O)cc(-c4ccccc4Cl)oc23)C(O)C1,401.10300041999994,94.14,3.3046000000000024,28,0.2857142857142857,6,3,3
212,Alisertib,COc1cc(Nc2ncc3c(n2)-c2ccc(Cl)cc2C(c2c(F)cccc2OC)=NC3)ccc1C(=O)O,518.1157110199999,105.93000000000002,5.746100000000003,37,0.1111111111111111,7,2,4
213,Surufatinib,Cc1cc2cc(Oc3ccnc(Nc4cccc(CS(=O)(=O)NCCN(C)C)c4)n3)ccc2[nH]1,480.19435975600004,112.24,3.783220000000002,34,0.25,7,3,4
214,Evobrutinib,C=CC(=O)N1CCC(CNc2ncnc(N)c2-c2ccc(Oc3ccccc3)cc2)CC1,429.216475104,93.37,4.354600000000002,32,0.24,6,2,3
215,Inavolisib,CC(Nc1ccc2c(c1)OCCn1cc(N3C(=O)OCC3C(F)F)nc1-2)C(=N)O,407.140510528,112.70000000000002,2.868470000000001,29,0.3888888888888889,7,3,2
216,Lazertinib,C=CC(=O)Nc1cc(Nc2nccc(-n3cc(CN(C)C)c(-c4ccccc4)n3)n2)c(OC)cc1N1CCOCC1,554.275386948,109.67000000000002,4.104200000000003,41,0.26666666666666666,10,2,4
217,Lestaurtinib,CC12OC(CC1(O)CO)n1c3ccccc3c3c4c(c5c6ccccc6n2c5c31)CNC4=O,439.15320615199994,88.65,3.474400000000003,33,0.2692307692307692,6,3,5
218,Lerociclib,CC(C)N1CCN(c2ccc(Nc3ncc4cc5n(c4n3)C3(CCCCC3)CNC5=O)nc2)CC1,474.285557708,91.21000000000001,3.5031000000000017,35,0.5384615384615384,8,2,3
219,Crenolanib,CC1(COc2ccc3c(c2)ncn3-c2ccc3cccc(N4CCC(N)CC4)c3n2)COC1,443.2321251680001,78.43,3.916500000000002,33,0.38461538461538464,7,1,4
220,Tesevatinib,COc1cc2c(Nc3ccc(Cl)c(Cl)c3F)ncnc2cc1OCC1CC2CN(C)CC2C1,490.13385962000007,59.510000000000005,5.794500000000005,33,0.4166666666666667,6,1,3
221,Vatalanib,Clc1ccc(Nc2nnc(Cc3ccncc3)c3ccccc23)cc1,346.09852416,50.7,5.012600000000003,25,0.05,4,1,4
222,Itacitinib,N#CCC1(n2cc(-c3nc[nH]c4nccc3-4)cn2)CN(C2CCN(C(=O)c3ccnc(C(F)(F)F)c3F)CC2)C1,553.196169236,119.62,3.5552800000000024,40,0.38461538461538464,8,1,2
223,Linsitinib,CC1(O)CC(c2nc(-c3ccc4ccc(-c5ccccc5)nc4c3)c3c(N)nccn23)C1,421.19026035599995,89.33,4.822100000000004,32,0.19230769230769232,6,2,5
224,Taselisib,Cc1nc(-c2cn3c(n2)-c2ccc(-c4cnn(C(C)(C)C(N)=O)c4)cc2OCC3)n(C(C)C)n1,460.23352213600003,118.67,3.174220000000001,34,0.375,9,1,4
225,Abivertinib,C=CC(=O)Nc1cccc(Oc2nc(Nc3ccc(N4CCN(C)CC4)c(F)c3)nc3[nH]ccc23)c1,487.213201292,98.41,4.5092000000000025,36,0.19230769230769232,7,3,4
226,Alflutinib,C=CC(=O)Nc1cc(Nc2nccc(-c3cn(C)c4ccccc34)n2)c(OCC(F)(F)F)nc1N(C)CCN(C)C,568.252206892,100.44,4.8373000000000035,41,0.2857142857142857,9,2,4
227,Dinaciclib,CCc1cnn2c(NCc3ccc[n+]([O-])c3)cc(N3CCCCC3CCO)nc12,396.227374136,92.63,2.2785000000000006,29,0.47619047619047616,7,2,3
228,Rigosertib,COc1cc(OC)c(C=CS(=O)(=O)Cc2ccc(OC)c(NCC(=O)O)c2)c(OC)c1,451.13008776,120.39,2.8032000000000012,31,0.2857142857142857,8,2,2
229,Ruboxistaurin,CN(C)CC1CCn2cc(c3ccccc32)C2=C(C(=O)NC2=O)c2cn(c3ccccc23)CCO1,468.21614075599996,68.5,3.513700000000001,35,0.2857142857142857,6,1,4
230,Remibrutinib,C=CC(=O)N(C)CCOc1c(N)ncnc1-c1cc(F)cc(NC(=O)c2ccc(C3CC3)cc2F)c1C,507.20819616400007,110.44,4.465320000000003,37,0.25925925925925924,6,2,3
231,Ripasudil,CC1CNCCCN1S(=O)(=O)c1cccc2cncc(F)c12,323.11037603600005,62.300000000000004,1.7463999999999995,22,0.4,4,1,2
232,Ritlecitinib,C=CC(=O)N1CC(Nc2ncnc3[nH]ccc23)CCC1C,285.158960228,73.91,1.9352999999999994,21,0.4,4,2,2
233,Radotinib,Cc1cn(-c2cc(NC(=O)c3ccc(C)c(Nc4nccc(-c5cnccn5)n4)c3)cc(C(F)(F)F)c2)cn1,530.179041952,110.51,5.750840000000002,39,0.1111111111111111,8,2,5
234,Rociletinib,C=CC(=O)Nc1cccc(Nc2nc(Nc3ccc(N4CCN(C(C)=O)CC4)cc3OC)ncc2C(F)(F)F)c1,555.220572416,111.72,4.784200000000003,40,0.25925925925925924,8,3,3
235,Quizartinib,CC(C)(C)c1cc(NC(=O)Nc2ccc(-c3cn4c(n3)sc3cc(OCCN5CCOCC5)ccc34)cc2)no1,560.220574504,106.16,5.856500000000006,40,0.3448275862068966,9,2,5
236,Tolebrutinib,C=CC(=O)N1CCCC(n2c(=O)n(-c3ccc(Oc4ccccc4)cc3)c3c(N)nccc32)C1,455.19573965999996,95.38000000000001,3.9112000000000027,34,0.19230769230769232,7,1,4
237,Savolitinib,CC(c1ccc2nccn2c1)n1nnc2ncc(-c3cnn(C)c3)nc21,345.1450414800001,91.61000000000001,1.8787999999999994,26,0.17647058823529413,9,0,5
238,Selonsertib,Cc1cc(F)c(C(=O)Nc2cccc(-c3nncn3C(C)C)n2)cc1-n1cnc(C2CC2)c1,445.2026366080001,90.52000000000001,4.683920000000004,33,0.2916666666666667,7,1,4
239,Aumolertinib,C=CC(=O)Nc1cc(Nc2nccc(-c3cn(C4CC4)c4ccccc34)n2)c(OC)cc1N(C)CCN(C)C,525.28522336,87.55000000000001,5.307700000000004,39,0.3,8,2,4
240,Semaxanib,Cc1cc(C)c(C=C2C(=O)Nc3ccccc32)[nH]1,238.110613068,44.89,3.1242400000000004,18,0.13333333333333333,1,2,2
241,Sitravatinib,COCCNCc1ccc(-c2cc3nccc(Oc4ccc(NC(=O)C5(C(=O)Nc6ccc(F)cc6)CC5)cc4F)c3s2)nc1,629.190831848,114.47,6.522200000000004,45,0.21212121212121213,8,3,5
242,Pyrotinib,CCOc1cc2ncc(C#N)c(Nc3ccc(OCc4ccccn4)c(Cl)c3)c2cc1NC(=O)C=CC1CCCN1C,582.214616532,112.4,6.465080000000006,42,0.25,8,2,4
243,Dovitinib,CN1CCN(c2ccc3nc(-c4c(N)c5c(F)cccc5[nH]c4=O)[nH]c3c2)CC1,392.17608751200004,94.03999999999999,2.5444999999999998,29,0.23809523809523808,5,3,4
244,Poziotinib,C=CC(=O)N1CCC(Oc2cc3c(Nc4ccc(Cl)c(Cl)c4F)ncnc3cc2OC)CC1,490.0974741120001,76.58000000000001,5.383700000000004,33,0.2608695652173913,6,1,3
245,Ensartinib,CC1CN(C(=O)c2ccc(NC(=O)c3cc(OC(C)c4c(Cl)ccc(F)c4Cl)c(N)nn3)cc2)CC(C)N1,560.150572304,122.47000000000001,4.719400000000003,38,0.3076923076923077,7,3,3
246,Buparlisib,Nc1cc(C(F)(F)F)c(-c2cc(N3CCOCC3)nc(N3CCOCC3)n2)cn1,410.167808572,89.63,1.8127999999999997,29,0.5,8,1,2
247,Saracatinib,CN1CCN(CCOc2cc(OC3CCOCC3)c3c(Nc4c(Cl)ccc5c4OCO5)ncnc3c2)CC1,541.209196804,90.44000000000001,3.9395000000000024,38,0.48148148148148145,10,1,3
248,Vimseltinib,Cc1nc(-c2cnc(NC(C)C)n(C)c2=O)ccc1Oc1ccnc(-c2cnn(C)c2)c1,431.2069730400001,99.75,3.5588200000000025,32,0.2608695652173913,9,1,4
249,Canertinib,C=CC(=O)Nc1cc2c(Nc3ccc(F)c(Cl)c3)ncnc2cc1OCCCN1CCOCC1,485.1629955600001,88.61,4.391500000000003,34,0.2916666666666667,7,2,3
250,Fenebrutinib,CC1CN(C2COC2)CCN1c1ccc(Nc2cc(-c3ccnc(N4CCn5c(cc6c5CC(C)(C)C6)C4=O)c3CO)cn(C)c2=O)nc1,664.3485518880001,120.99,3.574200000000002,49,0.4594594594594595,11,2,4
251,Rilzabrutinib,CC(C)(C=C(C#N)C(=O)N1CCCC(n2nc(-c3ccc(Oc4ccccc4)cc3F)c3c(N)ncnc32)C1)N1CCN(C2COC2)CC1,665.32381436,138.66,4.4153800000000025,49,0.4166666666666667,11,1,4
252,Barasertib,CCN(CCCOc1ccc2c(Nc3cc(CC(=O)Nc4cccc(F)c4)n[nH]3)ncnc2c1)CCOP(=O)(O)O,587.2057465620001,174.82,3.616900000000002,41,0.3076923076923077,9,5,4
253,Peficitinib,NC(=O)c1cnc2[nH]ccc2c1NC1C2CC3CC1CC(O)(C3)C2,326.174275944,104.03,2.0133000000000005,24,0.5555555555555556,4,4,2
254,Dactolisib,Cn1c(=O)n(-c2ccc(C(C)(C)C#N)cc2)c2c3cc(-c4cnc5ccccc5c4)ccc3ncc21,469.19026035600007,76.5,5.893780000000006,36,0.13333333333333333,6,0,6
255,Simotinib,COc1cc2ncnc(Nc3ccc(F)c(Cl)c3)c2cc1OCCN1CC2(CC2)C2(C1)OCCO2,500.16266121200005,77.97,4.392200000000003,35,0.44,8,1,3
256,Volasertib,CCC1C(=O)N(C)c2cnc(Nc3ccc(C(=O)NC4CCC(N5CCN(CC6CC6)CC5)CC4)cc3OC)nc2N1C(C)C,618.4005874600001,106.17,4.267200000000003,45,0.6470588235294118,9,2,2
257,Ibcasertib,COc1ccc2c(Oc3ccc4c(C(=O)Nc5ccccc5N)cccc4c3)ccnc2c1,435.1582915320001,86.47,6.023400000000004,33,0.037037037037037035,5,2,5
258,Gedatolisib,CN(C)C1CCN(C(=O)c2ccc(NC(=O)Nc3ccc(-c4nc(N5CCOCC5)nc(N5CCOCC5)n4)cc3)cc2)CC1,615.3281507920002,128.29,3.022000000000001,45,0.46875,10,2,3
259,Zandelisib,CN1CCC(c2ccccc2CC(C)(C)Nc2nc(N3CCOCC3)nc(-n3c(C(F)F)nc4ccccc43)n2)CC1,576.313664276,84.23,5.227100000000005,42,0.4838709677419355,9,1,4
260,Bezuclastinib,Cc1[nH]nc(C(=O)Nc2cnc3[nH]c(-c4ccccc4)cc3c2)c1C,331.143310164,86.46000000000001,3.822140000000002,25,0.10526315789473684,3,3,4
261,Delgocitinib,CC1CN(C(=O)CC#N)C12CCN(c1ncnc3[nH]ccc13)C2,310.154209196,88.91,1.2987799999999998,23,0.5,5,1,2
262,Zanzalintinib,CNC(=O)c1cc2c(Oc3ccc(NC(=O)C4(C(=O)Nc5ccc(F)cc5)CC4)cc3)ccnc2cc1OC,528.18089812,118.65,4.891800000000003,39,0.1724137931034483,6,3,4
263,Momelotinib,N#CCNC(=O)c1ccc(-c2ccnc(Nc3ccc(N4CCOCC4)cc3)n2)cc1,414.180423944,103.16999999999999,2.9771800000000006,31,0.21739130434782608,7,2,3
264,Motesanib,CC1(C)CNc2cc(NC(=O)c3cccnc3NCc3ccncc3)ccc21,373.19026035600007,78.94,4.044100000000002,28,0.22727272727272727,5,3,3
265,Brivanib alaninate,Cc1cc2c(F)c(Oc3ncnn4cc(OCC(C)OC(=O)C(C)N)c(C)c34)ccc2[nH]1,441.181232468,116.76000000000002,3.4165400000000004,32,0.3181818181818182,8,2,4
266,Nazartinib,Cc1cc(C(=O)Nc2nc3cccc(Cl)c3n2C2CCCCN(C(=O)C=CCN(C)C)C2)ccn1,494.21970191200006,83.36,4.316820000000003,35,0.38461538461538464,6,1,3
267,Naquotinib,C=CC(=O)N1CCC(Oc2nc(Nc3ccc(N4CCC(N5CCN(C)CC5)CC4)cc3)c(C(N)=O)nc2CC)C1,562.337987204,120.16,2.2634000000000007,41,0.5333333333333333,9,2,2
268,Linifanib,Cc1ccc(F)c(NC(=O)Nc2ccc(-c3cccc4[nH]nc(N)c34)cc2)c1,375.14953841600004,95.83,4.903620000000003,28,0.047619047619047616,3,4,4
269,Enzastaurin,Cn1cc(C2=C(c3cn(C4CCN(Cc5ccccn5)CC4)c4ccccc34)C(=O)NC2=O)c2ccccc21,515.232125168,72.16,4.932300000000004,39,0.21875,6,1,5
270,Entospletinib,c1cn2cc(-c3ccc4cn[nH]c4c3)nc(Nc3ccc(N4CCOCC4)cc3)c2n1,411.18075829200006,83.37,3.852800000000002,31,0.17391304347826086,7,2,5
271,Losmapimod,Cc1c(F)cc(C(=O)NC2CC2)cc1-c1ccc(C(=O)NCC(C)(C)C)cn1,383.20090529199996,71.09,3.864220000000002,28,0.4090909090909091,3,2,2
272,Chiauranib,COc1ccc2c(Oc3ccc4c(C(=O)Nc5ccccc5N)cccc4c3)ccnc2c1,435.1582915320001,86.47,6.023400000000004,33,0.037037037037037035,5,2,5
273,Fruquintinib,CNC(=O)c1c(C)oc2cc(Oc3ncnc4cc(OC)c(OC)cc34)ccc12,393.13247070799997,95.71000000000001,3.8535200000000023,29,0.19047619047619047,7,1,4
274,Brivanib,Cc1cc2c(F)c(Oc3ncnn4cc(OCC(C)O)c(C)c34)ccc2[nH]1,370.144118688,84.67,3.518440000000002,27,0.2631578947368421,6,2,4
275,Brepocitinib,Cn1cc(Nc2nccc(N3CC4CCC(C3)N4C(=O)C3CC3(F)F)n2)cn1,389.177564732,79.18,1.7884999999999998,28,0.5555555555555556,7,1,2
276,Famitinib,CCN(CC)CCN1CCc2[nH]c(C=C3C(=O)Nc4ccc(F)cc43)c(C)c2C1=O,410.211804324,68.44,3.295020000000001,30,0.391304347826087,3,2,2
277,Capivasertib,NC1(C(=O)NC(CCO)c2ccc(Cl)cc2)CCN(c2ncnc3[nH]ccc23)CC1,428.1727517200001,120.16,2.1488999999999994,30,0.38095238095238093,6,4,3
278,Orelabrutinib,C=CC(=O)N1CCC(c2ccc(C(N)=O)c(-c3ccc(Oc4ccccc4)cc3)n2)CC1,427.18959165999996,85.52,4.531800000000003,32,0.19230769230769232,4,1,3
279,Orantinib,Cc1[nH]c(C=C2C(=O)Nc3ccccc32)c(C)c1CCC(=O)O,310.1317424359999,82.19,3.1414400000000002,23,0.2222222222222222,2,3,2
280,Olverembatinib,Cc1ccc(C(=O)Nc2ccc(CN3CCN(C)CC3)c(C(F)(F)F)c2)cc1C#Cc1cnc2[nH]ncc2c1,532.219844144,77.15,4.684620000000004,39,0.27586206896551724,5,2,4
281,Cediranib,COc1cc2c(Oc3ccc4[nH]c(C)cc4c3F)ncnc2cc1OCCCN1CCCC1,450.206718944,72.5,5.224220000000004,33,0.36,6,1,4
282,Ceralasertib,CC1COCCN1c1cc(C2(S(C)(=N)=O)CC2)nc(-c2cncc3[nH]ccc23)n1,412.168145008,107.85,2.9106700000000005,29,0.45,7,2,3
283,Parsaclisib,CCOc1c(C(C)n2nc(C)c3c(N)ncnc32)cc(Cl)c(F)c1C1CNC(=O)C1,432.1476798440001,107.94999999999999,3.12092,30,0.4,7,2,3
284,Tepotinib,CN1CCC(COc2cnc(-c3cccc(Cn4nc(-c5cccc(C#N)c5)ccc4=O)c3)nc2)CC1,492.22737413600004,96.93,4.007880000000003,37,0.27586206896551724,8,0,4
285,Fostamatinib,COc1cc(Nc2ncc(F)c(Nc3ccc4c(n3)N(COP(=O)(O)O)C(=O)C(C)(C)O4)n2)cc(OC)c1OC,580.1482912619999,186.72,3.094500000000002,40,0.30434782608695654,12,4,3
286,Flumatinib,Cc1ncc(NC(=O)c2ccc(CN3CCN(C)CC3)c(C(F)(F)F)c2)cc1Nc1nccc(-c2cccnc2)n1,562.2416422080001,99.17000000000002,5.004120000000004,41,0.27586206896551724,8,2,4
287,Filgotinib,O=C(Nc1nc2cccc(-c3ccc(CN4CCS(=O)(=O)CC4)cc3)n2n1)C1CC1,425.152160596,96.66999999999999,1.9751999999999998,30,0.38095238095238093,7,1,3
288,Pacritinib,C1=CCOCc2cc(ccc2OCCN2CCCC2)Nc2nccc(n2)-c2cccc(c2)COC1,472.24744088399996,68.74000000000001,4.964800000000004,35,0.35714285714285715,7,1,3
289,Pazopanib,Cc1ccc(Nc2nccc(N(C)c3ccc4c(C)n(C)nc4c3)n2)cc1S(N)(=O)=O,437.16339397600007,119.02999999999999,3.1390400000000014,31,0.19047619047619047,8,2,4
290,Fasudil,O=S(=O)(c1cccc2cnccc12)N1CCCNCC1,291.104147784,62.300000000000004,1.2187999999999997,20,0.35714285714285715,4,1,2
291,Vemurafenib,CCCS(=O)(=O)Nc1ccc(F)c(C(=O)c2c[nH]c3ncc(-c4ccc(Cl)cc4)cc23)c1F,489.072546556,91.92,5.544200000000003,33,0.13043478260869565,4,2,4
292,Tivozanib,COc1cc2nccc(Oc3ccc(NC(=O)Nc4cc(C)on4)c(Cl)c3)c2cc1OC,454.104397388,107.74000000000001,5.638120000000003,32,0.13636363636363635,7,2,4
293,Umbralisib,CC(C)Oc1ccc(-c2nn(C(C)c3oc4ccc(F)cc4c(=O)c3-c3cccc(F)c3)c3ncnc(N)c23)cc1F,571.183124288,109.06,6.662700000000006,42,0.16129032258064516,8,1,6
294,Tucatinib,Cc1cc(Nc2ncnc3ccc(NC4=NC(C)(C)CO4)cc23)ccc1Oc1ccn2ncnc2c1,480.2022220080001,110.85000000000001,5.093520000000004,36,0.19230769230769232,10,2,5
295,Trilaciclib,CN1CCN(c2ccc(Nc3ncc4cc5n(c4n3)C3(CCCCC3)CNC5=O)nc2)CC1,446.25425758,91.21000000000001,2.7245,33,0.5,8,2,3
296,Trametinib,CC(=O)Nc1cccc(-n2c(=O)n(C3CC3)c(=O)c3c(Nc4ccc(I)cc4F)n(C)c(=O)c(C)c32)c1,615.077880436,107.13,3.940120000000002,37,0.23076923076923078,8,2,4
297,Zanubrutinib,C=CC(=O)N1CCC(C2CCNc3c(C(N)=O)c(-c4ccc(Oc5ccccc5)cc4)nn32)CC1,471.227039788,102.48,4.222600000000002,35,0.2962962962962963,6,2,3
298,Tofacitinib,CC1CCN(C(=O)CC#N)CC1N(C)c1ncnc2[nH]ccc12,312.16985926,88.91,1.5447799999999998,23,0.5,5,1,2
299,Futibatinib,C=CC(=O)N1CCC(n2nc(C#Cc3cc(OC)cc(OC)c3)c3c(N)ncnc32)C1,418.175338564,108.39,1.784899999999999,31,0.2727272727272727,8,1,3
300,Upadacitinib,CCC1CN(C(=O)NCC(F)(F)F)CC1c1cnc2cnc3[nH]ccc3n12,380.15724388800004,78.32,2.9079000000000006,27,0.47058823529411764,4,2,3
301,Gefitinib,COc1cc2ncnc(Nc3ccc(F)c(Cl)c3)c2cc1OCCCN1CCOCC1,446.1520965280001,68.74000000000001,4.275600000000003,31,0.36363636363636365,7,1,3
302,Larotrectinib,O=C(Nc1cnn2ccc(N3CCCC3c3cc(F)ccc3F)nc12)N1CCC(O)C1,428.177230384,86.0,2.9475000000000002,31,0.38095238095238093,6,2,3
303,Ibrutinib,C=CC(=O)N1CCCC(n2nc(-c3ccc(Oc4ccccc4)cc3)c3c(N)ncnc32)C1,440.19607400800004,99.16,4.2173000000000025,33,0.2,7,1,4
304,Abemaciclib,CCN1CCN(Cc2ccc(Nc3ncc(F)c(-c4cc(F)c5nc(C)n(C(C)C)c5c4)n3)nc2)CC1,506.271799464,75.0,4.936920000000004,37,0.4074074074074074,8,1,4
305,Ipatasertib,CC(C)NCC(C(=O)N1CCN(c2ncnc3c2C(C)CC3O)CC1)c1ccc(Cl)cc1,457.22445294399995,81.59,3.1010000000000013,32,0.5416666666666666,6,2,2
306,Osimertinib,C=CC(=O)Nc1cc(Nc2nccc(-c3cn(C)c4ccccc34)n2)c(OC)cc1N(C)CCN(C)C,499.26957329600003,87.55000000000001,4.509800000000003,37,0.25,8,2,4
307,Nintedanib,COC(=O)c1ccc2c(c1)NC(=O)C2=C(Nc1ccc(N(C)C(=O)CN2CCN(C)CC2)cc1)c1ccccc1,539.253254536,94.22000000000001,3.6159000000000017,40,0.25806451612903225,7,2,3
308,Nilotinib,Cc1cn(-c2cc(NC(=O)c3ccc(C)c(Nc4nccc(-c5cccnc5)n4)c3)cc(C(F)(F)F)c2)cn1,529.1837929840001,97.62000000000002,6.355840000000003,39,0.10714285714285714,7,2,5
309,Netarsudil,Cc1ccc(C(=O)OCc2ccc(C(CN)C(=O)Nc3ccc4cnccc4c3)cc2)c(C)c1,453.2052417240001,94.31,4.8896400000000035,34,0.17857142857142858,5,2,4
310,Neratinib,CCOc1cc2ncc(C#N)c(Nc3ccc(OCc4ccccn4)c(Cl)c3)c2cc1NC(=O)C=CCN(C)C,556.1989664680001,112.4,5.932480000000005,40,0.2,8,2,4
311,Midostaurin,COC1C(N(C)C(=O)c2ccccc2)CC2OC1(C)n1c3ccccc3c3c4c(c5c6ccccc6n2c5c31)C(=O)NC4,570.22670544,77.73,5.906800000000007,43,0.2571428571428571,6,1,6
312,Masitinib,Cc1ccc(NC(=O)c2ccc(CN3CCN(C)CC3)cc2)cc1Nc1nc(-c2cccnc2)cs1,498.22018058000003,73.38999999999999,5.256820000000005,36,0.25,7,2,4
313,Lorlatinib,CC1Oc2cc(cnc2N)-c2c(nn(C)c2C#N)CN(C)C(=O)c2ccc(F)cc21,406.15535206800007,110.06,2.80068,30,0.23809523809523808,7,1,3
314,Lenvatinib,COc1cc2nccc(Oc3ccc(NC(=O)NC4CC4)c(Cl)c3)c2cc1C(N)=O,426.1094827680001,115.57000000000002,4.071900000000002,30,0.19047619047619047,5,3,3
315,Sunitinib,CCN(CC)CCNC(=O)c1c(C)[nH]c(C=C2C(=O)Nc3ccc(F)cc32)c1C,398.211804324,77.23,3.3349400000000022,29,0.36363636363636365,3,3,2
316,Infigratinib,CCN1CCN(c2ccc(Nc3cc(N(C)C(=O)Nc4c(Cl)c(OC)cc(OC)c4Cl)ncn3)cc2)CC1,559.186543212,95.09,5.3544000000000045,38,0.34615384615384615,8,2,3
317,Palbociclib,CC(=O)c1c(C)c2cnc(Nc3ccc(N4CCNCC4)cn3)nc2n(C2CCCC2)c1=O,447.2382731680001,105.03999999999999,2.965820000000001,33,0.4583333333333333,9,2,3
318,Imatinib,Cc1ccc(NC(=O)c2ccc(CN3CCN(C)CC3)cc2)cc1Nc1nccc(-c2cccnc2)n1,493.25900861200006,86.28,4.590320000000004,37,0.2413793103448276,7,2,4
319,Idelalisib,CCC(Nc1ncnc2[nH]cnc12)c1nc2cccc(F)c2c(=O)n1-c1ccccc1,415.1556864160001,101.38,3.7543000000000015,31,0.13636363636363635,7,2,5
320,Icotinib,C#Cc1cccc(Nc2ncnc3cc4c(cc23)OCCOCCOCCO4)c1,391.15320615199994,74.73000000000002,3.1591000000000014,29,0.2727272727272727,7,1,3
321,Gilteritinib,CCc1nc(C(N)=O)c(Nc2ccc(N3CCC(N4CCN(C)CC4)CC3)c(OC)c2)nc1NC1CCOCC1,552.353637268,121.11,2.6972000000000014,40,0.6206896551724138,10,3,2
322,Pemigatinib,CCN1C(=O)N(c2c(F)c(OC)cc(OC)c2F)Cc2cnc3[nH]c(CN4CCOCC4)cc3c21,487.203110784,83.16000000000001,3.657000000000002,35,0.4166666666666667,6,1,3
323,Regorafenib,CNC(=O)c1cc(Oc2ccc(NC(=O)Nc3ccc(Cl)c(C(F)(F)F)c3)c(F)c2)ccn1,482.0768809,92.35,5.688800000000002,33,0.09523809523809523,4,3,3
324,Selumetinib,Cn1cnc2c(F)c(Nc3ccc(Br)cc3Cl)c(C(=O)NOCCO)cc21,456.00000833999997,88.41000000000001,3.525600000000001,27,0.17647058823529413,6,3,3
325,Belumosudil,CC(C)NC(=O)COc1cccc(-c2nc(Nc3ccc4[nH]ncc4c3)c3ccccc3n2)c1,452.1960740080001,104.82000000000001,4.820100000000003,34,0.15384615384615385,6,3,5
326,Brigatinib,COc1cc(N2CCC(N3CCN(C)CC3)CC2)ccc1Nc1ncc(Cl)c(Nc2ccccc2P(C)(C)=O)n1,583.259137798,85.86000000000001,5.090000000000003,40,0.4482758620689655,9,2,3
327,Binimetinib,Cn1cnc2c(F)c(Nc3ccc(Br)cc3F)c(C(=O)NOCCO)cc21,440.02955887999997,88.41000000000001,3.0113000000000008,27,0.17647058823529413,6,3,3
328,Alpelisib,Cc1nc(NC(=O)N2CCCC2C(N)=O)sc1-c1ccnc(C(C)(C)C(F)(F)F)c1,441.144630604,101.21000000000001,3.835020000000002,30,0.47368421052631576,5,2,2
329,Bosutinib,COc1cc(Nc2c(C#N)cnc3cc(OCCCN4CCN(C)CC4)c(OC)cc23)c(Cl)cc1Cl,529.1647451480001,82.88,5.190380000000005,36,0.38461538461538464,8,1,3
330,Afatinib,CN(C)CC=CC(=O)Nc1cc2c(Nc3ccc(F)c(Cl)c3)ncnc2cc1OC1CCOC1,485.1629955600001,88.61000000000001,4.389900000000003,34,0.2916666666666667,7,2,3
331,Deucravacitinib,[H]C([H])([H])NC(=O)c1n[nH]c(=NC(=O)C2CC2)cc1Nc1cccc(-c2ncn(C)n2)c1OC,425.2003168020001,139.17999999999998,1.1542999999999994,31,0.3,8,3,3
332,Mobocertinib,C=CC(=O)Nc1cc(Nc2ncc(C(=O)OC(C)C)c(-c3cn(C)c4ccccc34)n2)c(OC)cc1N(C)CCN(C)C,585.306352728,113.85,5.075000000000005,43,0.3125,10,2,4
333,Dacomitinib,COc1cc2ncnc(Nc3ccc(F)c(Cl)c3)c2cc1NC(=O)C=CCN1CCCCC1,469.1680809400001,79.38,5.1551000000000045,33,0.2916666666666667,6,2,3
334,Encorafenib,COC(=O)NC(C)CNc1nccc(-c2cn(C(C)C)nc2-c2cc(Cl)cc(NS(C)(=O)=O)c2F)n1,539.1517792439998,140.12999999999997,3.908400000000003,36,0.36363636363636365,9,3,3
335,Abrocitinib,CCCS(=O)(=O)NC1CC(N(C)c2ncnc3[nH]ccc23)C1,323.14159591200007,90.98,1.2544999999999997,22,0.5714285714285714,5,2,2
336,Entrectinib,CN1CCN(c2ccc(C(=O)Nc3n[nH]c4ccc(Cc5cc(F)cc(F)c5)cc34)c(NC3CCOCC3)c2)CC1,560.2711307680001,85.52,5.026900000000004,41,0.3548387096774194,6,3,4
337,Duvelisib,CC(Nc1ncnc2[nH]cnc12)c1cc2cccc(Cl)c2c(=O)n1-c1ccccc1,416.11523684400015,88.49,4.483500000000002,30,0.09090909090909091,6,2,5
338,Alectinib,CCc1cc2c(cc1N1CCC(N3CCOCC3)CC1)C(C)(C)c1[nH]c3cc(C#N)ccc3c1C2=O,482.268176328,72.36,4.773280000000004,36,0.4666666666666667,5,1,3
339,Dasatinib,Cc1nc(Nc2ncc(C(=O)Nc3c(C)cccc3Cl)s2)cc(N2CCN(CCO)CC2)n1,487.15572175200003,106.50999999999999,3.313540000000002,33,0.36363636363636365,9,3,3
340,Erdafitinib,COc1cc(OC)cc(N(CCNC(C)C)c2ccc3ncc(-c4cnn(C)c4)nc3c2)c1,446.2430241999999,77.33,4.183600000000003,33,0.32,8,1,4
341,Erlotinib,C#Cc1cccc(Nc2ncnc3cc(OCCOC)c(OCCOC)cc23)c1,393.16885621600005,74.73,3.405100000000002,29,0.2727272727272727,7,1,3
342,Acalabrutinib,CC#CC(=O)N1CCCC1c1nc(-c2ccc(C(=O)Nc3ccccn3)cc2)c2c(N)nccn12,465.19132297600004,118.51,3.3126000000000015,35,0.19230769230769232,7,2,4
343,Pirtobrutinib,COc1ccc(F)cc1C(=O)NCc1ccc(-c2nn(C(C)C(F)(F)F)c(N)c2C(N)=O)cc1,479.1580524120001,125.25999999999999,3.432200000000001,34,0.22727272727272727,6,3,3
344,Cabozantinib,COc1cc2nccc(Oc3ccc(NC(=O)C4(C(=O)Nc5ccc(F)cc5)CC4)cc3)c2cc1OC,501.169999088,98.78,5.5408000000000035,37,0.17857142857142858,6,2,4
345,Sorafenib,CNC(=O)c1cc(Oc2ccc(NC(=O)Nc3ccc(Cl)c(C(F)(F)F)c3)cc2)ccn1,464.086302712,92.35,5.549700000000002,32,0.09523809523809523,4,3,3
346,Baricitinib,CCS(=O)(=O)N1CC(CC#N)(n2cc(-c3ncnc4[nH]ccc34)cn2)C1,371.11644378400007,120.56,1.09568,26,0.375,7,1,3
347,Axitinib,CNC(=O)c1ccccc1Sc1ccc2c(C=Cc3ccccn3)n[nH]c2c1,386.12013219600004,70.67,4.6391000000000036,28,0.045454545454545456,4,2,4
348,Selpercatinib,COc1ccc(CN2C3CC2CN(c2ccc(-c4cc(OCC(C)(C)O)cn5ncc(C#N)c45)cn2)C3)cn1,525.2488378520001,112.04,3.2843800000000023,39,0.3793103448275862,10,1,4
349,Ruxolitinib,N#CCC(C1CCCC1)n1cc(-c2ncnc3[nH]ccc23)cn1,306.159294576,83.18,3.466380000000002,23,0.4117647058823529,5,1,3
350,Ripretinib,CCn1c(=O)c(-c2cc(NC(=O)Nc3ccccc3)c(F)cc2Br)cc2cnc(NC)cc21,509.0862652320001,88.05,5.670700000000004,33,0.125,5,3,4
351,Ribociclib,CN(C)C(=O)c1cc2cnc(Nc3ccc(N4CCNCC4)cn3)nc2n1C1CCCC1,434.25425758000006,91.21,2.7964,32,0.4782608695652174,8,2,3
352,Pralsetinib,COC1(C(=O)NC(C)c2ccc(-n3cc(F)cn3)nc2)CCC(c2nc(C)cc(Nc3cc(C)[nH]n3)n2)CC1,533.2662994840001,135.53000000000003,4.200140000000003,39,0.4074074074074074,9,3,4
353,Ponatinib,Cc1ccc(C(=O)Nc2ccc(CN3CCN(C)CC3)c(C(F)(F)F)c2)cc1C#Cc1cnc2cccnn12,532.219844144,65.77000000000001,4.456020000000003,39,0.27586206896551724,6,1,4
354,Pexidartinib,FC(F)(F)c1ccc(CNc2ccc(Cc3c[nH]c4ncc(Cl)cc34)cn2)cn1,417.09680782000004,66.49000000000001,5.228000000000002,29,0.15,4,2,4
355,Fedratinib,Cc1cnc(Nc2ccc(OCCN3CCCC3)cc2)nc1Nc1cccc(S(=O)(=O)NC(C)(C)C)c1,524.256960012,108.48,4.823620000000004,37,0.4074074074074074,8,3,3
356,Lapatinib,CS(=O)(=O)CCNCc1ccc(-c2ccc3ncnc(Nc4ccc(OCc5cccc(F)c5)c(Cl)c4)c3c2)o1,580.134732212,106.35000000000001,6.139100000000004,40,0.1724137931034483,8,2,5
357,Vandetanib,COc1cc2c(Nc3ccc(Br)cc3F)ncnc2cc1OCC1CCN(C)CC1,474.1066663280001,59.510000000000005,5.004200000000004,30,0.36363636363636365,6,1,3
358,Dabrafenib,CC(C)(C)c1nc(-c2cccc(NS(=O)(=O)c3c(F)cccc3F)c2F)c(-c2ccnc(N)n2)s1,519.10105154,110.85999999999999,5.364900000000002,35,0.17391304347826086,7,2,4
359,Crizotinib,CC(Oc1cc(-c2cnn(C3CCNCC3)c2)cnc1N)c1c(Cl)ccc(F)c1Cl,449.1185439040001,77.99000000000001,5.0377000000000045,30,0.3333333333333333,6,2,3
360,Anlotinib,COc1cc2c(Oc3ccc4[nH]c(C)cc4c3F)ccnc2cc1OCC1(N)CC1,407.16451978399994,82.39,4.834620000000003,30,0.2608695652173913,5,2,4
361,Apatinib,Cc1ccncc1Nc1ncccc1C(=O)Nc1ccc(C2(C#N)CCCC2)cc1,397.19026035600007,90.7,5.116300000000003,30,0.25,5,2,3
362,Leniolisib,CCC(=O)N1CCC(Nc2ncnc3c2CN(c2cnc(OC)c(C(F)(F)F)c2)CC3)C1,450.1991087,83.48,2.884500000000001,32,0.5238095238095238,7,1,2
363,Asciminib,O=C(Nc1ccc(OC(F)(F)Cl)cc1)c1cnc(N2CCC(O)C2)c(-c2ccn[nH]2)c1,449.106623556,103.37000000000002,3.4629000000000003,31,0.25,6,3,3
364,Cobimetinib,O=C(c1ccc(F)c(F)c1Nc1ccc(I)cc1F)N1CC(O)(C2CCCCN2)C1,531.063059572,64.60000000000001,3.781100000000002,30,0.38095238095238093,4,3,2
365,Avapritinib,Cn1cc(-c2cc3c(N4CCN(c5ncc(C(C)(N)c6ccc(F)cc6)cn5)CC4)ncnn3c2)cn1,498.24041908400017,106.29,2.6076999999999995,37,0.2692307692307692,10,1,5
366,Ceritinib,Cc1cc(Nc2ncc(Cl)c(Nc3ccccc3S(=O)(=O)C(C)C)n2)c(OC(C)C)cc1C1CCNCC1,557.222738692,105.23999999999998,6.361920000000006,38,0.42857142857142855,8,3,3
367,Capmatinib,CNC(=O)c1ccc(-c2cnc3ncc(Cc4ccc5ncccc5c4)n3n2)cc1F,412.14478738400004,85.07000000000001,3.429000000000002,31,0.08695652173913043,6,1,5
368,Copanlisib,COc1c(OCCCN2CCOCC2)ccc2c1N=C(NC(=O)c1cnc(N)nc1)N1CCN=C21,480.22335137600004,139.79,0.661800000000001,35,0.43478260869565216,11,2,2
